item,itemLabel,participating_team,participating_teamLabel
http://www.wikidata.org/entity/Q4484479,1915 FA Cup Final,http://www.wikidata.org/entity/Q9616,Chelsea F.C.
http://www.wikidata.org/entity/Q4484490,1948 FA Cup Final,http://www.wikidata.org/entity/Q19449,Blackpool F.C.
http://www.wikidata.org/entity/Q4581017,1983 FA Cup Final,http://www.wikidata.org/entity/Q19453,Brighton & Hove Albion F.C.
http://www.wikidata.org/entity/Q117705635,2023 FA Cup Final,http://www.wikidata.org/entity/Q50602,Manchester City F.C.
http://www.wikidata.org/entity/Q16323089,2014 FA Cup Final,http://www.wikidata.org/entity/Q19477,Hull City A.F.C.
http://www.wikidata.org/entity/Q1083726,2009 FA Cup Final,http://www.wikidata.org/entity/Q9616,Chelsea F.C.
http://www.wikidata.org/entity/Q4566546,1949 FA Cup Final,http://www.wikidata.org/entity/Q19481,Leicester City F.C.
http://www.wikidata.org/entity/Q4484514,1985 FA Cup Final,http://www.wikidata.org/entity/Q5794,Everton F.C.
http://www.wikidata.org/entity/Q3110441,2001 FA Cup Final,http://www.wikidata.org/entity/Q1130849,Liverpool F.C.
http://www.wikidata.org/entity/Q117705635,2023 FA Cup Final,http://www.wikidata.org/entity/Q18656,Manchester United F.C.
http://www.wikidata.org/entity/Q1083726,2009 FA Cup Final,http://www.wikidata.org/entity/Q5794,Everton F.C.
http://www.wikidata.org/entity/Q4484490,1948 FA Cup Final,http://www.wikidata.org/entity/Q18656,Manchester United F.C.
http://www.wikidata.org/entity/Q4484514,1985 FA Cup Final,http://www.wikidata.org/entity/Q18656,Manchester United F.C.
http://www.wikidata.org/entity/Q3110441,2001 FA Cup Final,http://www.wikidata.org/entity/Q9617,Arsenal F.C.
http://www.wikidata.org/entity/Q4558224,1904 FA Cup Final,http://www.wikidata.org/entity/Q19451,Bolton Wanderers F.C.
http://www.wikidata.org/entity/Q4558224,1904 FA Cup Final,http://www.wikidata.org/entity/Q50602,Manchester City F.C.
http://www.wikidata.org/entity/Q648465,2002 FA Cup Final,http://www.wikidata.org/entity/Q9617,Arsenal F.C.
http://www.wikidata.org/entity/Q4562419,1929 FA Cup Final,http://www.wikidata.org/entity/Q19451,Bolton Wanderers F.C.
http://www.wikidata.org/entity/Q4562419,1929 FA Cup Final,http://www.wikidata.org/entity/Q19604,Portsmouth F.C.
http://www.wikidata.org/entity/Q16323089,2014 FA Cup Final,http://www.wikidata.org/entity/Q9617,Arsenal F.C.
http://www.wikidata.org/entity/Q1413320,1901 FA Cup Final,http://www.wikidata.org/entity/Q18741,Tottenham Hotspur F.C.
http://www.wikidata.org/entity/Q1413332,1981 FA Cup Final,http://www.wikidata.org/entity/Q18741,Tottenham Hotspur F.C.
http://www.wikidata.org/entity/Q30973820,2018 FA Cup Final,http://www.wikidata.org/entity/Q9616,Chelsea F.C.
http://www.wikidata.org/entity/Q4555692,1879 FA Cup Final,http://www.wikidata.org/entity/Q2074788,Clapham Rovers F.C.
http://www.wikidata.org/entity/Q1415494,1962 FA Cup Final,http://www.wikidata.org/entity/Q18741,Tottenham Hotspur F.C.
http://www.wikidata.org/entity/Q4555493,1875 FA Cup Final,http://www.wikidata.org/entity/Q1430983,Old Etonians F.C.
http://www.wikidata.org/entity/Q4555692,1879 FA Cup Final,http://www.wikidata.org/entity/Q1430983,Old Etonians F.C.
http://www.wikidata.org/entity/Q4555813,1881 FA Cup Final,http://www.wikidata.org/entity/Q1430983,Old Etonians F.C.
http://www.wikidata.org/entity/Q111648597,2022 FA Cup Final,http://www.wikidata.org/entity/Q9616,Chelsea F.C.
http://www.wikidata.org/entity/Q4572290,1966 FA Cup Final,http://www.wikidata.org/entity/Q5794,Everton F.C.
http://www.wikidata.org/entity/Q30973820,2018 FA Cup Final,http://www.wikidata.org/entity/Q18656,Manchester United F.C.
http://www.wikidata.org/entity/Q4484487,1936 FA Cup Final,http://www.wikidata.org/entity/Q9617,Arsenal F.C.
http://www.wikidata.org/entity/Q4484479,1915 FA Cup Final,http://www.wikidata.org/entity/Q19607,Sheffield United F.C.
http://www.wikidata.org/entity/Q4484487,1936 FA Cup Final,http://www.wikidata.org/entity/Q19607,Sheffield United F.C.
http://www.wikidata.org/entity/Q4559167,1910 FA Cup Final,http://www.wikidata.org/entity/Q19442,Barnsley F.C.
http://www.wikidata.org/entity/Q738766,1997 FA Cup Final,http://www.wikidata.org/entity/Q18661,Middlesbrough F.C.
http://www.wikidata.org/entity/Q4484495,1963 FA Cup Final,http://www.wikidata.org/entity/Q19481,Leicester City F.C.
http://www.wikidata.org/entity/Q4565982,1947 FA Cup Final,http://www.wikidata.org/entity/Q19462,Charlton Athletic F.C.
http://www.wikidata.org/entity/Q4555813,1881 FA Cup Final,http://www.wikidata.org/entity/Q535647,Old Carthusians F.C.
http://www.wikidata.org/entity/Q1413332,1981 FA Cup Final,http://www.wikidata.org/entity/Q50602,Manchester City F.C.
http://www.wikidata.org/entity/Q4572290,1966 FA Cup Final,http://www.wikidata.org/entity/Q19498,Sheffield Wednesday F.C.
http://www.wikidata.org/entity/Q4562832,1931 FA Cup Final,http://www.wikidata.org/entity/Q19444,Birmingham City F.C.
http://www.wikidata.org/entity/Q4559167,1910 FA Cup Final,http://www.wikidata.org/entity/Q18716,Newcastle United F.C.
http://www.wikidata.org/entity/Q4559327,1911 FA Cup Final,http://www.wikidata.org/entity/Q18716,Newcastle United F.C.
http://www.wikidata.org/entity/Q4120865,1987 FA Cup Final,http://www.wikidata.org/entity/Q18741,Tottenham Hotspur F.C.
http://www.wikidata.org/entity/Q4565982,1947 FA Cup Final,http://www.wikidata.org/entity/Q19458,Burnley F.C.
http://www.wikidata.org/entity/Q4566546,1949 FA Cup Final,http://www.wikidata.org/entity/Q19500,Wolverhampton Wanderers F.C.
http://www.wikidata.org/entity/Q10858415,1900 FA Cup Final,http://www.wikidata.org/entity/Q19573,Bury F.C.
http://www.wikidata.org/entity/Q10858419,1969 FA Cup Final,http://www.wikidata.org/entity/Q19481,Leicester City F.C.
http://www.wikidata.org/entity/Q10858410,1891 FA Cup Final,http://www.wikidata.org/entity/Q19598,Notts County F.C.
http://www.wikidata.org/entity/Q738766,1997 FA Cup Final,http://www.wikidata.org/entity/Q9616,Chelsea F.C.
http://www.wikidata.org/entity/Q4484507,1976 FA Cup Final,http://www.wikidata.org/entity/Q18732,Southampton F.C.
http://www.wikidata.org/entity/Q4584445,1988 FA Cup Final,http://www.wikidata.org/entity/Q1130849,Liverpool F.C.
http://www.wikidata.org/entity/Q125108378,2024 FA Cup Final,,
http://www.wikidata.org/entity/Q4561885,1926 FA Cup Final,http://www.wikidata.org/entity/Q19451,Bolton Wanderers F.C.
http://www.wikidata.org/entity/Q4561885,1926 FA Cup Final,http://www.wikidata.org/entity/Q50602,Manchester City F.C.
http://www.wikidata.org/entity/Q111648597,2022 FA Cup Final,http://www.wikidata.org/entity/Q1130849,Liverpool F.C.
http://www.wikidata.org/entity/Q4563218,1933 FA Cup Final,http://www.wikidata.org/entity/Q50602,Manchester City F.C.
http://www.wikidata.org/entity/Q4563218,1933 FA Cup Final,http://www.wikidata.org/entity/Q5794,Everton F.C.
http://www.wikidata.org/entity/Q4584445,1988 FA Cup Final,http://www.wikidata.org/entity/Q19482,Wimbledon F.C.
http://www.wikidata.org/entity/Q4484478,1909 FA Cup Final,http://www.wikidata.org/entity/Q18656,Manchester United F.C.
http://www.wikidata.org/entity/Q4484495,1963 FA Cup Final,http://www.wikidata.org/entity/Q18656,Manchester United F.C.
http://www.wikidata.org/entity/Q4484507,1976 FA Cup Final,http://www.wikidata.org/entity/Q18656,Manchester United F.C.
http://www.wikidata.org/entity/Q4484508,1977 FA Cup Final,http://www.wikidata.org/entity/Q18656,Manchester United F.C.
http://www.wikidata.org/entity/Q1415494,1962 FA Cup Final,http://www.wikidata.org/entity/Q19458,Burnley F.C.
http://www.wikidata.org/entity/Q10858415,1900 FA Cup Final,http://www.wikidata.org/entity/Q18732,Southampton F.C.
http://www.wikidata.org/entity/Q10858419,1969 FA Cup Final,http://www.wikidata.org/entity/Q50602,Manchester City F.C.
http://www.wikidata.org/entity/Q4564023,1937 FA Cup Final,http://www.wikidata.org/entity/Q18739,Sunderland A.F.C.
http://www.wikidata.org/entity/Q10858417,1954 FA Cup Final,http://www.wikidata.org/entity/Q19612,Preston North End F.C.
http://www.wikidata.org/entity/Q796678,1890 FA Cup Final,http://www.wikidata.org/entity/Q19498,Sheffield Wednesday F.C.
http://www.wikidata.org/entity/Q648465,2002 FA Cup Final,http://www.wikidata.org/entity/Q9616,Chelsea F.C.
http://www.wikidata.org/entity/Q1413320,1901 FA Cup Final,http://www.wikidata.org/entity/Q19607,Sheffield United F.C.
http://www.wikidata.org/entity/Q4564023,1937 FA Cup Final,http://www.wikidata.org/entity/Q19612,Preston North End F.C.
http://www.wikidata.org/entity/Q10858417,1954 FA Cup Final,http://www.wikidata.org/entity/Q18744,West Bromwich Albion F.C.
http://www.wikidata.org/entity/Q4484508,1977 FA Cup Final,http://www.wikidata.org/entity/Q1130849,Liverpool F.C.
http://www.wikidata.org/entity/Q4120865,1987 FA Cup Final,http://www.wikidata.org/entity/Q19580,Coventry City F.C.
http://www.wikidata.org/entity/Q105686379,2021 FA Cup Final,http://www.wikidata.org/entity/Q19481,Leicester City F.C.
http://www.wikidata.org/entity/Q4562832,1931 FA Cup Final,http://www.wikidata.org/entity/Q18744,West Bromwich Albion F.C.
http://www.wikidata.org/entity/Q4559327,1911 FA Cup Final,http://www.wikidata.org/entity/Q48879,Bradford City A.F.C.
http://www.wikidata.org/entity/Q10858410,1891 FA Cup Final,http://www.wikidata.org/entity/Q19446,Blackburn Rovers F.C.
http://www.wikidata.org/entity/Q4484478,1909 FA Cup Final,http://www.wikidata.org/entity/Q19456,Bristol City F.C.
http://www.wikidata.org/entity/Q4581017,1983 FA Cup Final,http://www.wikidata.org/entity/Q18656,Manchester United F.C.
http://www.wikidata.org/entity/Q796678,1890 FA Cup Final,http://www.wikidata.org/entity/Q19446,Blackburn Rovers F.C.
http://www.wikidata.org/entity/Q4555493,1875 FA Cup Final,http://www.wikidata.org/entity/Q1418905,Royal Engineers A.F.C.
http://www.wikidata.org/entity/Q105686379,2021 FA Cup Final,http://www.wikidata.org/entity/Q9616,Chelsea F.C.
http://www.wikidata.org/entity/Q2634414,2012 FA Cup Final,http://www.wikidata.org/entity/Q9616,Chelsea F.C.
http://www.wikidata.org/entity/Q2977491,1873 FA Cup Final,http://www.wikidata.org/entity/Q841201,Wanderers F.C.
http://www.wikidata.org/entity/Q4484522,1993 FA Cup Final,http://www.wikidata.org/entity/Q9617,Arsenal F.C.
http://www.wikidata.org/entity/Q1345035,1923 FA Cup Final,http://www.wikidata.org/entity/Q19451,Bolton Wanderers F.C.
http://www.wikidata.org/entity/Q2616571,2003 FA Cup Final,http://www.wikidata.org/entity/Q18732,Southampton F.C.
http://www.wikidata.org/entity/Q4484505,1972 FA Cup Final,http://www.wikidata.org/entity/Q9617,Arsenal F.C.
http://www.wikidata.org/entity/Q4484526,1998 FA Cup Final,http://www.wikidata.org/entity/Q9617,Arsenal F.C.
http://www.wikidata.org/entity/Q4484526,1998 FA Cup Final,http://www.wikidata.org/entity/Q18716,Newcastle United F.C.
http://www.wikidata.org/entity/Q4484500,1971 FA Cup Final,http://www.wikidata.org/entity/Q1130849,Liverpool F.C.
http://www.wikidata.org/entity/Q4484524,1996 FA Cup Final,http://www.wikidata.org/entity/Q1130849,Liverpool F.C.
http://www.wikidata.org/entity/Q285096,1967 FA Cup Final,http://www.wikidata.org/entity/Q18741,Tottenham Hotspur F.C.
http://www.wikidata.org/entity/Q4484483,1927 FA Cup Final,http://www.wikidata.org/entity/Q9617,Arsenal F.C.
http://www.wikidata.org/entity/Q2151884,1989 FA Cup Final,http://www.wikidata.org/entity/Q5794,Everton F.C.
http://www.wikidata.org/entity/Q777237,1970 FA Cup Final,http://www.wikidata.org/entity/Q1128631,Leeds United F.C.
http://www.wikidata.org/entity/Q4484486,1932 FA Cup Final,http://www.wikidata.org/entity/Q9617,Arsenal F.C.
http://www.wikidata.org/entity/Q4484486,1932 FA Cup Final,http://www.wikidata.org/entity/Q18716,Newcastle United F.C.
http://www.wikidata.org/entity/Q4484500,1971 FA Cup Final,http://www.wikidata.org/entity/Q9617,Arsenal F.C.
http://www.wikidata.org/entity/Q4484510,1979 FA Cup Final,http://www.wikidata.org/entity/Q9617,Arsenal F.C.
http://www.wikidata.org/entity/Q1345035,1923 FA Cup Final,http://www.wikidata.org/entity/Q18747,West Ham United F.C.
http://www.wikidata.org/entity/Q2045615,1957 FA Cup Final,http://www.wikidata.org/entity/Q18711,Aston Villa F.C.
http://www.wikidata.org/entity/Q2665418,2010 FA Cup Final,http://www.wikidata.org/entity/Q9616,Chelsea F.C.
http://www.wikidata.org/entity/Q285096,1967 FA Cup Final,http://www.wikidata.org/entity/Q9616,Chelsea F.C.
http://www.wikidata.org/entity/Q2045615,1957 FA Cup Final,http://www.wikidata.org/entity/Q18656,Manchester United F.C.
http://www.wikidata.org/entity/Q2634414,2012 FA Cup Final,http://www.wikidata.org/entity/Q1130849,Liverpool F.C.
http://www.wikidata.org/entity/Q777237,1970 FA Cup Final,http://www.wikidata.org/entity/Q9616,Chelsea F.C.
http://www.wikidata.org/entity/Q604772,2000 FA Cup Final,http://www.wikidata.org/entity/Q9616,Chelsea F.C.
http://www.wikidata.org/entity/Q2665418,2010 FA Cup Final,http://www.wikidata.org/entity/Q19604,Portsmouth F.C.
http://www.wikidata.org/entity/Q2062071,1913 FA Cup Final,http://www.wikidata.org/entity/Q18711,Aston Villa F.C.
http://www.wikidata.org/entity/Q2616571,2003 FA Cup Final,http://www.wikidata.org/entity/Q9617,Arsenal F.C.
http://www.wikidata.org/entity/Q2151884,1989 FA Cup Final,http://www.wikidata.org/entity/Q1130849,Liverpool F.C.
http://www.wikidata.org/entity/Q4555547,1876 FA Cup Final,http://www.wikidata.org/entity/Q841201,Wanderers F.C.
http://www.wikidata.org/entity/Q3072401,1956 FA Cup Final,http://www.wikidata.org/entity/Q19444,Birmingham City F.C.
http://www.wikidata.org/entity/Q604772,2000 FA Cup Final,http://www.wikidata.org/entity/Q18711,Aston Villa F.C.
http://www.wikidata.org/entity/Q4484485,1930 FA Cup Final,http://www.wikidata.org/entity/Q19473,Huddersfield Town A.F.C.
http://www.wikidata.org/entity/Q2062071,1913 FA Cup Final,http://www.wikidata.org/entity/Q18739,Sunderland A.F.C.
http://www.wikidata.org/entity/Q2661161,2004 FA Cup Final,http://www.wikidata.org/entity/Q18656,Manchester United F.C.
http://www.wikidata.org/entity/Q1415502,1921 FA Cup Final,http://www.wikidata.org/entity/Q19500,Wolverhampton Wanderers F.C.
http://www.wikidata.org/entity/Q2349402,2008 FA Cup Final,http://www.wikidata.org/entity/Q18662,Cardiff City F.C.
http://www.wikidata.org/entity/Q4555455,1874 FA Cup Final,http://www.wikidata.org/entity/Q1808487,Oxford University A.F.C.
http://www.wikidata.org/entity/Q4484505,1972 FA Cup Final,http://www.wikidata.org/entity/Q1128631,Leeds United F.C.
http://www.wikidata.org/entity/Q4484489,1939 FA Cup Final,http://www.wikidata.org/entity/Q19604,Portsmouth F.C.
http://www.wikidata.org/entity/Q4484509,1978 FA Cup Final,http://www.wikidata.org/entity/Q9653,Ipswich Town F.C.
http://www.wikidata.org/entity/Q2574490,2007 FA Cup Final,http://www.wikidata.org/entity/Q9616,Chelsea F.C.
http://www.wikidata.org/entity/Q4555455,1874 FA Cup Final,http://www.wikidata.org/entity/Q1418905,Royal Engineers A.F.C.
http://www.wikidata.org/entity/Q4555595,1877 FA Cup Final,http://www.wikidata.org/entity/Q1808487,Oxford University A.F.C.
http://www.wikidata.org/entity/Q4484483,1927 FA Cup Final,http://www.wikidata.org/entity/Q18662,Cardiff City F.C.
http://www.wikidata.org/entity/Q3072401,1956 FA Cup Final,http://www.wikidata.org/entity/Q50602,Manchester City F.C.
http://www.wikidata.org/entity/Q4484528,1999 FA Cup Final,http://www.wikidata.org/entity/Q18656,Manchester United F.C.
http://www.wikidata.org/entity/Q2584412,2005 FA Cup Final,http://www.wikidata.org/entity/Q18656,Manchester United F.C.
http://www.wikidata.org/entity/Q765577,1991 FA Cup Final,http://www.wikidata.org/entity/Q18741,Tottenham Hotspur F.C.
http://www.wikidata.org/entity/Q765577,1991 FA Cup Final,http://www.wikidata.org/entity/Q19490,Nottingham Forest F.C.
http://www.wikidata.org/entity/Q4555595,1877 FA Cup Final,http://www.wikidata.org/entity/Q841201,Wanderers F.C.
http://www.wikidata.org/entity/Q4484515,1986 FA Cup Final,http://www.wikidata.org/entity/Q5794,Everton F.C.
http://www.wikidata.org/entity/Q4484517,1990 FA Cup Final,http://www.wikidata.org/entity/Q19467,Crystal Palace F.C.
http://www.wikidata.org/entity/Q4484518,1992 FA Cup Final,http://www.wikidata.org/entity/Q18739,Sunderland A.F.C.
http://www.wikidata.org/entity/Q2661161,2004 FA Cup Final,http://www.wikidata.org/entity/Q19487,Millwall F.C.
http://www.wikidata.org/entity/Q2574490,2007 FA Cup Final,http://www.wikidata.org/entity/Q18656,Manchester United F.C.
http://www.wikidata.org/entity/Q4555641,1878 FA Cup Final,http://www.wikidata.org/entity/Q1418905,Royal Engineers A.F.C.
http://www.wikidata.org/entity/Q2349402,2008 FA Cup Final,http://www.wikidata.org/entity/Q19604,Portsmouth F.C.
http://www.wikidata.org/entity/Q4555641,1878 FA Cup Final,http://www.wikidata.org/entity/Q841201,Wanderers F.C.
http://www.wikidata.org/entity/Q4484521,1994 FA Cup Final,http://www.wikidata.org/entity/Q9616,Chelsea F.C.
http://www.wikidata.org/entity/Q428518,1872 FA Cup Final,http://www.wikidata.org/entity/Q1418905,Royal Engineers A.F.C.
http://www.wikidata.org/entity/Q4484517,1990 FA Cup Final,http://www.wikidata.org/entity/Q18656,Manchester United F.C.
http://www.wikidata.org/entity/Q428518,1872 FA Cup Final,http://www.wikidata.org/entity/Q841201,Wanderers F.C.
http://www.wikidata.org/entity/Q4555547,1876 FA Cup Final,http://www.wikidata.org/entity/Q1430983,Old Etonians F.C.
http://www.wikidata.org/entity/Q4484523,1995 FA Cup Final,http://www.wikidata.org/entity/Q5794,Everton F.C.
http://www.wikidata.org/entity/Q4484493,1953 FA Cup Final,http://www.wikidata.org/entity/Q19449,Blackpool F.C.
http://www.wikidata.org/entity/Q4484511,1980 FA Cup Final,http://www.wikidata.org/entity/Q18747,West Ham United F.C.
http://www.wikidata.org/entity/Q4484491,1950 FA Cup Final,http://www.wikidata.org/entity/Q1130849,Liverpool F.C.
http://www.wikidata.org/entity/Q4484504,1974 FA Cup Final,http://www.wikidata.org/entity/Q1130849,Liverpool F.C.
http://www.wikidata.org/entity/Q4484494,1958 FA Cup Final,http://www.wikidata.org/entity/Q19451,Bolton Wanderers F.C.
http://www.wikidata.org/entity/Q4484522,1993 FA Cup Final,http://www.wikidata.org/entity/Q19498,Sheffield Wednesday F.C.
http://www.wikidata.org/entity/Q4484523,1995 FA Cup Final,http://www.wikidata.org/entity/Q18656,Manchester United F.C.
http://www.wikidata.org/entity/Q2584385,2006 FA Cup Final,http://www.wikidata.org/entity/Q18747,West Ham United F.C.
http://www.wikidata.org/entity/Q4484493,1953 FA Cup Final,http://www.wikidata.org/entity/Q19451,Bolton Wanderers F.C.
http://www.wikidata.org/entity/Q4484485,1930 FA Cup Final,http://www.wikidata.org/entity/Q9617,Arsenal F.C.
http://www.wikidata.org/entity/Q4484491,1950 FA Cup Final,http://www.wikidata.org/entity/Q9617,Arsenal F.C.
http://www.wikidata.org/entity/Q4484492,1952 FA Cup Final,http://www.wikidata.org/entity/Q9617,Arsenal F.C.
http://www.wikidata.org/entity/Q4484489,1939 FA Cup Final,http://www.wikidata.org/entity/Q19500,Wolverhampton Wanderers F.C.
http://www.wikidata.org/entity/Q4484492,1952 FA Cup Final,http://www.wikidata.org/entity/Q18716,Newcastle United F.C.
http://www.wikidata.org/entity/Q4484509,1978 FA Cup Final,http://www.wikidata.org/entity/Q9617,Arsenal F.C.
http://www.wikidata.org/entity/Q4484504,1974 FA Cup Final,http://www.wikidata.org/entity/Q18716,Newcastle United F.C.
http://www.wikidata.org/entity/Q4484528,1999 FA Cup Final,http://www.wikidata.org/entity/Q18716,Newcastle United F.C.
http://www.wikidata.org/entity/Q4484518,1992 FA Cup Final,http://www.wikidata.org/entity/Q1130849,Liverpool F.C.
http://www.wikidata.org/entity/Q2584412,2005 FA Cup Final,http://www.wikidata.org/entity/Q9617,Arsenal F.C.
http://www.wikidata.org/entity/Q258074,1914 FA Cup Final,http://www.wikidata.org/entity/Q19458,Burnley F.C.
http://www.wikidata.org/entity/Q977680,1961 FA Cup Final,http://www.wikidata.org/entity/Q18741,Tottenham Hotspur F.C.
http://www.wikidata.org/entity/Q1415502,1921 FA Cup Final,http://www.wikidata.org/entity/Q18741,Tottenham Hotspur F.C.
http://www.wikidata.org/entity/Q258074,1914 FA Cup Final,http://www.wikidata.org/entity/Q1130849,Liverpool F.C.
http://www.wikidata.org/entity/Q2977491,1873 FA Cup Final,http://www.wikidata.org/entity/Q1808487,Oxford University A.F.C.
http://www.wikidata.org/entity/Q4484494,1958 FA Cup Final,http://www.wikidata.org/entity/Q18656,Manchester United F.C.
http://www.wikidata.org/entity/Q4484521,1994 FA Cup Final,http://www.wikidata.org/entity/Q18656,Manchester United F.C.
http://www.wikidata.org/entity/Q4484515,1986 FA Cup Final,http://www.wikidata.org/entity/Q1130849,Liverpool F.C.
http://www.wikidata.org/entity/Q4484510,1979 FA Cup Final,http://www.wikidata.org/entity/Q18656,Manchester United F.C.
http://www.wikidata.org/entity/Q4484524,1996 FA Cup Final,http://www.wikidata.org/entity/Q18656,Manchester United F.C.
http://www.wikidata.org/entity/Q2584385,2006 FA Cup Final,http://www.wikidata.org/entity/Q1130849,Liverpool F.C.
http://www.wikidata.org/entity/Q4484511,1980 FA Cup Final,http://www.wikidata.org/entity/Q9617,Arsenal F.C.
http://www.wikidata.org/entity/Q2976901,2011 FA Cup Final,http://www.wikidata.org/entity/Q18736,Stoke City F.C.
http://www.wikidata.org/entity/Q2976901,2011 FA Cup Final,http://www.wikidata.org/entity/Q50602,Manchester City F.C.
http://www.wikidata.org/entity/Q977680,1961 FA Cup Final,http://www.wikidata.org/entity/Q19481,Leicester City F.C.
http://www.wikidata.org/entity/Q4580443,1982 FA Cup Final,http://www.wikidata.org/entity/Q18741,Tottenham Hotspur F.C.
http://www.wikidata.org/entity/Q4555760,1880 FA Cup Final,http://www.wikidata.org/entity/Q2074788,Clapham Rovers F.C.
http://www.wikidata.org/entity/Q8214268,1965 FA Cup Final,http://www.wikidata.org/entity/Q1128631,Leeds United F.C.
http://www.wikidata.org/entity/Q4561185,1922 FA Cup Final,http://www.wikidata.org/entity/Q19473,Huddersfield Town A.F.C.
http://www.wikidata.org/entity/Q4556000,1884 FA Cup Final,http://www.wikidata.org/entity/Q852753,Queen's Park F.C.
http://www.wikidata.org/entity/Q4556071,1885 FA Cup Final,http://www.wikidata.org/entity/Q852753,Queen's Park F.C.
http://www.wikidata.org/entity/Q4564259,1938 FA Cup Final,http://www.wikidata.org/entity/Q19473,Huddersfield Town A.F.C.
http://www.wikidata.org/entity/Q19817594,2015 FA Cup Final,http://www.wikidata.org/entity/Q9617,Arsenal F.C.
http://www.wikidata.org/entity/Q4567139,1951 FA Cup Final,http://www.wikidata.org/entity/Q19449,Blackpool F.C.
http://www.wikidata.org/entity/Q4555872,1882 FA Cup Final,http://www.wikidata.org/entity/Q1430983,Old Etonians F.C.
http://www.wikidata.org/entity/Q4555930,1883 FA Cup Final,http://www.wikidata.org/entity/Q1430983,Old Etonians F.C.
http://www.wikidata.org/entity/Q4558100,1903 FA Cup Final,http://www.wikidata.org/entity/Q19573,Bury F.C.
http://www.wikidata.org/entity/Q4556928,1895 FA Cup Final,http://www.wikidata.org/entity/Q18711,Aston Villa F.C.
http://www.wikidata.org/entity/Q4558369,1905 FA Cup Final,http://www.wikidata.org/entity/Q18711,Aston Villa F.C.
http://www.wikidata.org/entity/Q4573112,1968 FA Cup Final,http://www.wikidata.org/entity/Q5794,Everton F.C.
http://www.wikidata.org/entity/Q4569618,1959 FA Cup Final,http://www.wikidata.org/entity/Q18520,Luton Town F.C.
http://www.wikidata.org/entity/Q4569618,1959 FA Cup Final,http://www.wikidata.org/entity/Q19490,Nottingham Forest F.C.
http://www.wikidata.org/entity/Q4556209,1887 FA Cup Final,http://www.wikidata.org/entity/Q18711,Aston Villa F.C.
http://www.wikidata.org/entity/Q10858414,1898 FA Cup Final,http://www.wikidata.org/entity/Q19470,Derby County F.C.
http://www.wikidata.org/entity/Q65044305,2020 FA Cup Final,http://www.wikidata.org/entity/Q9616,Chelsea F.C.
http://www.wikidata.org/entity/Q4558514,1906 FA Cup Final,http://www.wikidata.org/entity/Q5794,Everton F.C.
http://www.wikidata.org/entity/Q4580443,1982 FA Cup Final,http://www.wikidata.org/entity/Q18723,Queens Park Rangers F.C.
http://www.wikidata.org/entity/Q4575554,1973 FA Cup Final,http://www.wikidata.org/entity/Q1128631,Leeds United F.C.
http://www.wikidata.org/entity/Q4561185,1922 FA Cup Final,http://www.wikidata.org/entity/Q19612,Preston North End F.C.
http://www.wikidata.org/entity/Q4564259,1938 FA Cup Final,http://www.wikidata.org/entity/Q19612,Preston North End F.C.
http://www.wikidata.org/entity/Q4568367,1955 FA Cup Final,http://www.wikidata.org/entity/Q50602,Manchester City F.C.
http://www.wikidata.org/entity/Q4556623,1892 FA Cup Final,http://www.wikidata.org/entity/Q18711,Aston Villa F.C.
http://www.wikidata.org/entity/Q4556816,1894 FA Cup Final,http://www.wikidata.org/entity/Q19451,Bolton Wanderers F.C.
http://www.wikidata.org/entity/Q4556816,1894 FA Cup Final,http://www.wikidata.org/entity/Q19598,Notts County F.C.
http://www.wikidata.org/entity/Q4556721,1893 FA Cup Final,http://www.wikidata.org/entity/Q5794,Everton F.C.
http://www.wikidata.org/entity/Q4819517,1897 FA Cup Final,http://www.wikidata.org/entity/Q18711,Aston Villa F.C.
http://www.wikidata.org/entity/Q4819517,1897 FA Cup Final,http://www.wikidata.org/entity/Q5794,Everton F.C.
http://www.wikidata.org/entity/Q4560837,1920 FA Cup Final,http://www.wikidata.org/entity/Q19473,Huddersfield Town A.F.C.
http://www.wikidata.org/entity/Q4556356,1889 FA Cup Final,http://www.wikidata.org/entity/Q19612,Preston North End F.C.
http://www.wikidata.org/entity/Q4556139,1886 FA Cup Final,http://www.wikidata.org/entity/Q18744,West Bromwich Albion F.C.
http://www.wikidata.org/entity/Q4558683,1907 FA Cup Final,http://www.wikidata.org/entity/Q5794,Everton F.C.
http://www.wikidata.org/entity/Q4562243,1928 FA Cup Final,http://www.wikidata.org/entity/Q19473,Huddersfield Town A.F.C.
http://www.wikidata.org/entity/Q62997323,2019 FA Cup Final,http://www.wikidata.org/entity/Q50602,Manchester City F.C.
http://www.wikidata.org/entity/Q29551985,2017 FA Cup Final,http://www.wikidata.org/entity/Q9616,Chelsea F.C.
http://www.wikidata.org/entity/Q4565733,1946 FA Cup Final,http://www.wikidata.org/entity/Q19462,Charlton Athletic F.C.
http://www.wikidata.org/entity/Q20807520,2016 FA Cup Final,http://www.wikidata.org/entity/Q19467,Crystal Palace F.C.
http://www.wikidata.org/entity/Q4560837,1920 FA Cup Final,http://www.wikidata.org/entity/Q18711,Aston Villa F.C.
http://www.wikidata.org/entity/Q4556139,1886 FA Cup Final,http://www.wikidata.org/entity/Q19446,Blackburn Rovers F.C.
http://www.wikidata.org/entity/Q4556928,1895 FA Cup Final,http://www.wikidata.org/entity/Q18744,West Bromwich Albion F.C.
http://www.wikidata.org/entity/Q4561532,1924 FA Cup Final,http://www.wikidata.org/entity/Q18711,Aston Villa F.C.
http://www.wikidata.org/entity/Q4557981,1902 FA Cup Final,http://www.wikidata.org/entity/Q18732,Southampton F.C.
http://www.wikidata.org/entity/Q11054919,2013 FA Cup Final,http://www.wikidata.org/entity/Q50602,Manchester City F.C.
http://www.wikidata.org/entity/Q62997323,2019 FA Cup Final,http://www.wikidata.org/entity/Q2714,Watford F.C.
http://www.wikidata.org/entity/Q4573112,1968 FA Cup Final,http://www.wikidata.org/entity/Q18744,West Bromwich Albion F.C.
http://www.wikidata.org/entity/Q4563401,1934 FA Cup Final,http://www.wikidata.org/entity/Q19604,Portsmouth F.C.
http://www.wikidata.org/entity/Q4563401,1934 FA Cup Final,http://www.wikidata.org/entity/Q50602,Manchester City F.C.
http://www.wikidata.org/entity/Q4556209,1887 FA Cup Final,http://www.wikidata.org/entity/Q18744,West Bromwich Albion F.C.
http://www.wikidata.org/entity/Q4556276,1888 FA Cup Final,http://www.wikidata.org/entity/Q19612,Preston North End F.C.
http://www.wikidata.org/entity/Q4557048,1896 FA Cup Final,http://www.wikidata.org/entity/Q19498,Sheffield Wednesday F.C.
http://www.wikidata.org/entity/Q20807520,2016 FA Cup Final,http://www.wikidata.org/entity/Q18656,Manchester United F.C.
http://www.wikidata.org/entity/Q4567139,1951 FA Cup Final,http://www.wikidata.org/entity/Q18716,Newcastle United F.C.
http://www.wikidata.org/entity/Q4556356,1889 FA Cup Final,http://www.wikidata.org/entity/Q19500,Wolverhampton Wanderers F.C.
http://www.wikidata.org/entity/Q4571509,1964 FA Cup Final,http://www.wikidata.org/entity/Q18747,West Ham United F.C.
http://www.wikidata.org/entity/Q4571509,1964 FA Cup Final,http://www.wikidata.org/entity/Q19612,Preston North End F.C.
http://www.wikidata.org/entity/Q4558683,1907 FA Cup Final,http://www.wikidata.org/entity/Q19498,Sheffield Wednesday F.C.
http://www.wikidata.org/entity/Q4558369,1905 FA Cup Final,http://www.wikidata.org/entity/Q18716,Newcastle United F.C.
http://www.wikidata.org/entity/Q8214268,1965 FA Cup Final,http://www.wikidata.org/entity/Q1130849,Liverpool F.C.
http://www.wikidata.org/entity/Q4561716,1925 FA Cup Final,http://www.wikidata.org/entity/Q19607,Sheffield United F.C.
http://www.wikidata.org/entity/Q4565733,1946 FA Cup Final,http://www.wikidata.org/entity/Q19470,Derby County F.C.
http://www.wikidata.org/entity/Q4556276,1888 FA Cup Final,http://www.wikidata.org/entity/Q18744,West Bromwich Albion F.C.
http://www.wikidata.org/entity/Q4556623,1892 FA Cup Final,http://www.wikidata.org/entity/Q18744,West Bromwich Albion F.C.
http://www.wikidata.org/entity/Q4581669,1984 FA Cup Final,http://www.wikidata.org/entity/Q5794,Everton F.C.
http://www.wikidata.org/entity/Q4558514,1906 FA Cup Final,http://www.wikidata.org/entity/Q18716,Newcastle United F.C.
http://www.wikidata.org/entity/Q4559484,1912 FA Cup Final,http://www.wikidata.org/entity/Q18744,West Bromwich Albion F.C.
http://www.wikidata.org/entity/Q4559484,1912 FA Cup Final,http://www.wikidata.org/entity/Q19442,Barnsley F.C.
http://www.wikidata.org/entity/Q4575554,1973 FA Cup Final,http://www.wikidata.org/entity/Q18739,Sunderland A.F.C.
http://www.wikidata.org/entity/Q4563590,1935 FA Cup Final,http://www.wikidata.org/entity/Q19498,Sheffield Wednesday F.C.
http://www.wikidata.org/entity/Q4568367,1955 FA Cup Final,http://www.wikidata.org/entity/Q18716,Newcastle United F.C.
http://www.wikidata.org/entity/Q4581669,1984 FA Cup Final,http://www.wikidata.org/entity/Q2714,Watford F.C.
http://www.wikidata.org/entity/Q4556721,1893 FA Cup Final,http://www.wikidata.org/entity/Q19500,Wolverhampton Wanderers F.C.
http://www.wikidata.org/entity/Q4557048,1896 FA Cup Final,http://www.wikidata.org/entity/Q19500,Wolverhampton Wanderers F.C.
http://www.wikidata.org/entity/Q65044305,2020 FA Cup Final,http://www.wikidata.org/entity/Q9617,Arsenal F.C.
http://www.wikidata.org/entity/Q4558100,1903 FA Cup Final,http://www.wikidata.org/entity/Q19470,Derby County F.C.
http://www.wikidata.org/entity/Q10858414,1898 FA Cup Final,http://www.wikidata.org/entity/Q19490,Nottingham Forest F.C.
http://www.wikidata.org/entity/Q4555760,1880 FA Cup Final,http://www.wikidata.org/entity/Q1808487,Oxford University A.F.C.
http://www.wikidata.org/entity/Q11054919,2013 FA Cup Final,http://www.wikidata.org/entity/Q18750,Wigan Athletic F.C.
http://www.wikidata.org/entity/Q4563590,1935 FA Cup Final,http://www.wikidata.org/entity/Q18744,West Bromwich Albion F.C.
http://www.wikidata.org/entity/Q4556000,1884 FA Cup Final,http://www.wikidata.org/entity/Q19446,Blackburn Rovers F.C.
http://www.wikidata.org/entity/Q4556071,1885 FA Cup Final,http://www.wikidata.org/entity/Q19446,Blackburn Rovers F.C.
http://www.wikidata.org/entity/Q4555872,1882 FA Cup Final,http://www.wikidata.org/entity/Q19446,Blackburn Rovers F.C.
http://www.wikidata.org/entity/Q4557397,1899 FA Cup Final,http://www.wikidata.org/entity/Q19470,Derby County F.C.
http://www.wikidata.org/entity/Q4557397,1899 FA Cup Final,http://www.wikidata.org/entity/Q19607,Sheffield United F.C.
http://www.wikidata.org/entity/Q10858420,1975 FA Cup Final,http://www.wikidata.org/entity/Q18747,West Ham United F.C.
http://www.wikidata.org/entity/Q19817594,2015 FA Cup Final,http://www.wikidata.org/entity/Q18711,Aston Villa F.C.
http://www.wikidata.org/entity/Q4561532,1924 FA Cup Final,http://www.wikidata.org/entity/Q18716,Newcastle United F.C.
http://www.wikidata.org/entity/Q4557981,1902 FA Cup Final,http://www.wikidata.org/entity/Q19607,Sheffield United F.C.
http://www.wikidata.org/entity/Q4562243,1928 FA Cup Final,http://www.wikidata.org/entity/Q19446,Blackburn Rovers F.C.
http://www.wikidata.org/entity/Q4558845,1908 FA Cup Final,http://www.wikidata.org/entity/Q18716,Newcastle United F.C.
http://www.wikidata.org/entity/Q4558845,1908 FA Cup Final,http://www.wikidata.org/entity/Q19500,Wolverhampton Wanderers F.C.
http://www.wikidata.org/entity/Q29551985,2017 FA Cup Final,http://www.wikidata.org/entity/Q9617,Arsenal F.C.
http://www.wikidata.org/entity/Q4555930,1883 FA Cup Final,http://www.wikidata.org/entity/Q880772,Blackburn Olympic F.C.
http://www.wikidata.org/entity/Q4569952,1960 FA Cup Final,http://www.wikidata.org/entity/Q19446,Blackburn Rovers F.C.
http://www.wikidata.org/entity/Q4569952,1960 FA Cup Final,http://www.wikidata.org/entity/Q19500,Wolverhampton Wanderers F.C.
http://www.wikidata.org/entity/Q10858420,1975 FA Cup Final,http://www.wikidata.org/entity/Q18708,Fulham F.C.
http://www.wikidata.org/entity/Q4561716,1925 FA Cup Final,http://www.wikidata.org/entity/Q18662,Cardiff City F.C.
